2307.069,131.886,7.0
1339.979,98.145,4.0
2069.257,89.683,7.0
2684.664,95.815,8.0
2984.359,94.471,9.0
324.858,95.322,1.0
347.384,83.905,1.0
1932.78,111.989,6.0
2071.909,107.146,6.0
644.23,115.083,2.0
2406.469,109.615,7.0
2473.079,116.626,8.0
1726.767,89.126,5.0
259.929,108.531,1.0
2643.517,121.692,8.0
-102.494,107.003,0.0
701.823,111.734,2.0
1823.186,91.688,6.0
1630.66,133.226,5.0
-84.111,124.38,0.0
2987.162,83.468,9.0
743.537,105.405,2.0
1541.564,84.773,5.0
293.636,85.085,1.0
320.342,109.271,1.0
335.091,84.36,1.0
711.655,89.93,2.0
2197.153,100.851,6.0
1300.15,128.023,4.0
2617.782,90.869,8.0
161.866,98.581,1.0
374.143,116.19,1.0
2557.129,47.619,8.0
1936.513,79.662,6.0
2705.134,104.305,8.0
2992.503,120.943,9.0
1346.909,98.196,4.0
3110.952,96.942,9.0
637.4,124.986,2.0
2992.773,90.25,9.0
2575.636,85.285,8.0
1416.582,102.669,4.0
2053.985,102.687,6.0
252.635,109.475,1.0
2208.01,97.737,7.0
114.73,106.513,0.0
3134.346,73.374,9.0
2672.844,107.284,8.0
397.274,107.861,1.0
1886.527,87.654,6.0
2202.138,116.879,7.0
3026.458,112.664,9.0
2648.343,64.851,8.0
2640.155,84.596,8.0
95.021,80.482,0.0
1322.694,97.458,4.0
3065.22,103.566,9.0
2631.519,86.177,8.0
795.229,87.25,2.0
382.279,120.083,1.0
2019.056,113.13,6.0
2656.453,46.678,8.0
3039.879,120.511,9.0
2303.991,100.056,7.0
1019.997,114.551,3.0
2983.436,90.381,9.0
2956.495,102.491,9.0
664.555,68.309,2.0
2003.715,102.467,6.0
1371.602,90.519,4.0
308.4,107.641,1.0
2658.604,117.769,8.0
584.716,113.393,1.0
1934.241,124.7,6.0
2587.34,83.379,8.0
2195.617,115.652,7.0
2002.29,106.117,6.0
2880.683,108.405,9.0
2926.46,113.586,9.0
3044.531,96.369,9.0
1156.019,102.147,4.0
2226.872,81.436,7.0
1622.657,58.171,5.0
514.537,97.504,1.0
-5.55,79.315,0.0
1967.678,106.062,6.0
951.649,58.181,3.0
2193.516,108.864,7.0
612.179,106.632,2.0
2996.606,83.691,9.0
414.564,121.295,1.0
2575.719,58.169,8.0
678.544,119.435,2.0
672.298,98.959,2.0
1265.668,100.952,4.0
2805.088,88.509,9.0
1944.842,121.997,6.0
2238.517,82.526,7.0
2447.392,114.0,8.0
2972.817,114.559,9.0
3019.246,107.725,9.0
1623.142,57.477,5.0
2428.428,81.664,7.0
2724.085,122.048,8.0
2612.16,117.866,8.0
2245.199,113.817,7.0
1747.924,104.431,5.0
194.344,93.064,1.0
1811.762,100.0,6.0
586.706,56.641,2.0
-31.749,99.175,0.0
2722.776,117.84,8.0
315.147,102.21,1.0
382.782,78.021,1.0
18.008,107.634,0.0
2299.09,71.737,7.0
2010.348,115.884,6.0
2151.467,94.085,7.0
712.493,91.687,2.0
3009.856,104.775,9.0
2683.419,73.585,8.0
347.199,103.454,1.0
1970.693,99.782,6.0
412.822,82.487,1.0
1990.694,123.778,6.0
2898.644,70.156,9.0
2330.319,112.088,7.0
2568.447,102.949,8.0
2154.21,114.458,7.0
3053.376,133.655,9.0
1060.1,80.297,3.0
522.623,134.342,2.0
1792.168,93.18,6.0
2685.582,102.931,8.0
1960.68,74.266,6.0
588.06,74.826,2.0
2631.732,105.617,8.0
2846.969,121.058,9.0
2482.272,122.849,8.0
1027.934,113.055,3.0
1069.385,99.211,3.0
640.914,108.306,2.0
2555.638,104.178,8.0
648.418,113.958,2.0
2291.91,92.964,7.0
721.944,102.946,2.0
810.765,90.305,2.0
3015.435,99.886,9.0
366.852,93.055,1.0
2892.442,97.791,9.0
2180.116,110.553,7.0
1057.31,97.51,3.0
595.504,126.531,2.0
2453.412,88.668,7.0
1913.156,91.154,6.0
1013.975,94.195,3.0
333.777,122.671,1.0
86.477,86.496,0.0
1735.415,66.14,5.0
323.423,109.392,1.0
2486.148,96.782,8.0
687.86,125.786,2.0
1848.861,92.862,6.0
353.01,89.588,1.0
632.446,122.632,2.0
655.645,99.459,2.0
397.841,92.428,1.0
793.785,100.466,2.0
389.798,102.184,1.0
2332.976,92.212,7.0
440.874,114.968,1.0
1992.864,90.157,6.0
2942.049,93.009,9.0
288.393,88.982,1.0
340.438,104.95,1.0
3072.671,93.115,9.0
710.922,100.61,2.0
1953.712,120.319,6.0
2047.977,99.81,6.0
1870.917,125.471,6.0
2392.776,132.876,7.0
2117.118,88.062,6.0
1280.205,94.28,4.0
658.762,62.236,2.0
402.031,84.324,1.0
574.136,94.809,2.0
1941.532,119.296,6.0
2345.743,96.899,7.0
2034.988,102.155,6.0
2918.112,105.485,9.0
2316.477,99.556,7.0
2834.847,92.519,9.0
2677.829,91.822,8.0
2694.069,97.967,8.0
3019.415,93.585,9.0
2351.943,108.657,7.0
2407.883,78.476,7.0
632.461,77.785,2.0
642.237,103.628,2.0
387.144,118.944,1.0
2848.745,95.97,9.0
363.716,113.621,1.0
1232.476,108.086,4.0
2533.162,105.473,8.0
1331.597,81.416,4.0
2654.673,89.596,8.0
347.146,85.363,1.0
1873.044,88.442,6.0
743.518,116.815,2.0
2973.559,121.486,9.0
2965.107,125.263,9.0
355.293,111.827,1.0
2607.078,101.593,8.0
2314.11,106.178,7.0
1941.322,120.404,6.0
2326.966,84.511,7.0
331.293,122.296,1.0
2260.321,114.253,7.0
2628.278,83.049,8.0
1579.689,100.618,5.0
252.701,91.783,1.0
2331.08,124.81,7.0
2674.134,89.118,8.0
2749.799,113.169,8.0
2962.324,91.162,9.0
2407.351,94.419,7.0
773.954,101.006,2.0
326.252,77.588,1.0
3046.615,108.311,9.0
2154.458,83.041,7.0
2035.141,89.08,6.0
2422.91,116.684,7.0
1700.515,106.348,5.0
300.07,83.584,1.0
2313.975,93.087,7.0
2049.573,88.737,6.0
2314.322,91.737,7.0
2280.495,103.052,7.0
2961.459,125.016,9.0
2037.894,121.834,6.0
2330.712,132.785,7.0
1964.379,105.499,6.0
2180.348,95.583,7.0
2069.554,87.681,6.0
409.185,79.023,1.0
2960.042,86.689,9.0
378.674,85.77,1.0
2281.591,115.718,7.0
2073.584,119.776,6.0
2106.505,85.579,6.0
-88.27,104.62,0.0
1877.535,106.579,6.0
628.999,62.616,2.0
2581.586,97.371,8.0
2575.836,122.194,8.0
1695.581,119.561,5.0
3014.964,104.724,9.0
2015.586,72.451,6.0
2924.584,82.152,9.0
2210.372,100.359,7.0
2582.23,93.72,8.0
1951.899,103.999,6.0
948.809,102.723,3.0
2918.44,100.565,9.0
2342.231,89.352,7.0
318.689,82.583,1.0
447.531,122.556,1.0
2552.337,74.406,8.0
1073.212,128.158,3.0
2540.021,105.563,8.0
2956.143,114.829,9.0
2493.79,73.939,8.0
1948.86,85.93,6.0
344.205,111.137,1.0
3003.357,144.011,9.0
2550.432,102.507,8.0
2053.98,100.498,6.0
2377.654,102.326,7.0
323.582,118.875,1.0
91.396,81.328,0.0
701.762,105.183,2.0
711.748,135.679,2.0
294.754,102.061,1.0
2412.142,92.893,7.0
1833.26,80.751,6.0
2011.453,104.36,6.0
293.998,93.598,1.0
98.337,107.072,0.0
1937.079,82.745,6.0
1988.882,85.025,6.0
1779.174,120.421,5.0
1884.133,104.016,6.0
2043.622,136.242,6.0
2486.504,68.934,8.0
2600.746,142.618,8.0
2535.399,106.231,8.0
369.396,109.235,1.0
1922.608,89.475,6.0
1983.229,109.187,6.0
623.476,84.426,2.0
1590.61,98.194,5.0
368.155,105.638,1.0
1315.588,85.351,4.0
635.164,108.248,2.0
2888.477,107.857,9.0
1377.626,96.916,4.0
2322.552,90.889,7.0
2688.458,88.717,8.0
2105.61,88.023,6.0
3065.508,76.63,9.0
307.618,91.073,1.0
2178.719,89.492,7.0
610.354,124.738,2.0
1311.444,86.567,4.0
742.38,77.207,2.0
2838.284,95.089,9.0
925.287,101.358,3.0
2688.798,78.31,8.0
2714.283,101.752,8.0
348.533,107.942,1.0
2251.084,122.281,7.0
686.65,88.343,2.0
378.976,130.067,1.0
1892.181,66.969,6.0
660.565,101.316,2.0
419.024,110.019,1.0
2309.297,111.045,7.0
2706.105,98.258,8.0
2631.235,103.203,8.0
2662.747,96.682,8.0
2960.105,97.613,9.0
2636.141,108.614,8.0
392.498,97.671,1.0
2615.658,99.606,8.0
2981.233,93.631,9.0
2329.29,102.881,7.0
1682.653,90.139,5.0
1092.979,108.581,3.0
2373.893,111.941,7.0
2831.325,90.367,9.0
2901.283,87.837,9.0
1965.686,98.981,6.0
10.95,90.515,0.0
2799.046,115.47,8.0
2768.001,89.045,8.0
2944.153,107.597,9.0
1381.313,107.942,4.0
2304.746,110.212,7.0
2226.393,105.049,7.0
2600.71,107.155,8.0
2884.696,130.485,9.0
2256.993,103.843,7.0
1357.649,87.958,4.0
1936.367,96.52,6.0
2246.736,101.689,7.0
652.56,108.04,2.0
2620.667,84.052,8.0
248.43,112.935,1.0
2593.022,137.905,8.0
2959.682,120.361,9.0
641.679,98.204,2.0
594.745,85.402,2.0
591.603,109.115,2.0
390.48,114.446,1.0
614.717,113.01,2.0
431.973,95.082,1.0
310.798,117.54,1.0
1009.539,73.132,3.0
1843.534,84.999,6.0
2608.406,108.821,8.0
2813.604,79.01,9.0
2989.098,98.605,9.0
2814.722,92.208,9.0
2356.61,88.029,7.0
2599.566,92.767,8.0
2218.649,97.314,7.0
618.331,72.87,2.0
2942.051,92.497,9.0
373.807,103.102,1.0
2876.855,103.521,9.0
765.754,117.473,2.0
267.585,135.625,1.0
2307.026,76.893,7.0
648.397,125.487,2.0
2719.761,94.414,9.0
1292.93,98.155,4.0
1659.912,111.562,5.0
759.914,67.007,2.0
347.227,64.205,1.0
757.182,98.214,2.0
2631.76,114.806,8.0
2712.739,115.98,8.0
370.003,123.747,1.0
2354.037,111.614,7.0
2354.755,129.169,7.0
51.032,87.589,0.0
770.456,94.073,2.0
994.058,153.211,3.0
2959.994,73.128,9.0
286.901,160.542,1.0
3020.781,99.38,9.0
796.927,88.614,2.0
2048.553,96.589,6.0
2934.572,91.623,9.0
393.281,65.79,1.0
1276.756,111.558,4.0
364.307,86.322,1.0
2522.978,76.397,8.0
643.396,122.123,2.0
1962.105,82.784,6.0
2990.629,108.837,9.0
2492.773,96.887,8.0
2413.816,84.763,7.0
2546.789,64.003,8.0
2349.28,85.165,7.0
1869.509,99.895,6.0
246.161,106.103,1.0
3005.829,117.055,9.0
2940.883,105.307,9.0
610.284,121.665,2.0
682.336,104.259,2.0
2033.403,101.705,6.0
3019.092,82.935,9.0
1361.741,92.705,4.0
609.858,100.891,2.0
2630.205,119.55,8.0
2702.639,82.366,8.0
2364.674,74.202,7.0
2894.128,129.546,9.0
2252.382,130.787,7.0
2692.983,136.778,8.0
609.456,113.432,2.0
1597.343,111.24,5.0
2579.44,91.581,8.0
2601.651,108.689,8.0
1395.985,95.9,4.0
2307.965,103.631,7.0
2334.481,98.314,7.0
2662.596,99.699,8.0
2633.768,124.226,8.0
2511.109,99.607,8.0
3113.191,85.61,9.0
1952.075,115.731,6.0
1987.248,110.431,6.0
2650.538,92.949,8.0
1000.429,99.876,3.0
1300.046,117.784,4.0
682.786,83.925,2.0
1922.36,121.848,6.0
3014.54,107.681,9.0
2877.677,99.378,9.0
2605.281,79.735,8.0
561.292,104.745,2.0
628.43,69.162,2.0
868.34,105.24,2.0
-28.755,128.74,0.0
657.245,108.15,2.0
254.829,94.135,1.0
591.83,75.497,2.0
2630.49,91.374,8.0
2296.853,96.147,7.0
943.916,70.898,3.0
2287.771,88.448,7.0
669.295,109.29,2.0
1910.203,88.623,6.0
615.15,110.328,2.0
2926.133,102.708,9.0
2006.642,102.95,6.0
716.548,85.075,2.0
2337.182,103.596,7.0
1353.976,120.665,4.0
258.544,110.549,1.0
411.08,62.438,1.0
2572.218,107.579,8.0
2280.829,117.591,7.0
991.489,100.343,3.0
2317.125,88.422,7.0
2079.516,114.582,6.0
2678.959,65.683,8.0
2240.627,113.452,7.0
2631.817,90.933,8.0
2340.645,81.621,7.0
2372.306,96.911,7.0
438.551,75.344,1.0
1635.923,64.73,5.0
2996.204,106.419,9.0
2337.633,86.313,7.0
625.749,132.957,2.0
2981.764,85.445,9.0
790.587,75.618,2.0
281.528,89.139,1.0
3006.099,90.318,9.0
2899.247,86.991,9.0
2889.084,96.524,9.0
695.517,102.478,2.0
2253.419,99.014,7.0
369.538,104.571,1.0
453.987,109.221,1.0
43.073,106.01,0.0
2943.721,104.661,9.0
2287.422,99.157,7.0
2723.788,116.023,8.0
250.952,81.356,1.0
2670.598,81.026,8.0
2721.209,86.927,8.0
2482.024,87.518,8.0
1450.017,122.004,4.0
2993.791,123.91,9.0
346.03,112.495,1.0
550.805,112.827,2.0
1983.606,115.69,6.0
2584.93,119.649,8.0
2584.731,96.283,8.0
1047.452,102.976,3.0
1597.875,153.644,5.0
3013.811,82.635,9.0
1899.588,106.398,6.0
951.099,72.093,3.0
726.717,87.772,2.0
340.204,104.145,1.0
1915.879,101.577,6.0
3000.026,115.607,9.0
407.246,94.65,1.0
1870.335,107.823,6.0
1032.934,83.56,3.0
931.373,119.522,3.0
676.48,108.001,2.0
2380.611,112.924,7.0
1937.969,98.332,6.0
2232.819,81.053,7.0
2540.298,104.387,8.0
695.936,111.816,2.0
102.535,102.438,0.0
2659.063,116.033,8.0
2258.117,120.299,7.0
1930.859,105.089,6.0
688.166,109.757,2.0
593.662,93.041,2.0
681.144,101.651,2.0
785.693,90.918,2.0
2577.845,121.717,8.0
2264.438,102.389,7.0
2053.536,83.655,6.0
2010.235,82.052,6.0
377.229,75.007,1.0
2170.142,84.748,7.0
2199.357,86.478,7.0
2616.475,65.157,8.0
2985.728,79.408,9.0
2679.501,91.464,8.0
2502.105,98.981,8.0
603.392,93.01,2.0
2840.143,106.135,9.0
2968.64,80.967,9.0
724.276,94.484,2.0
303.003,98.427,1.0
2680.842,104.604,8.0
2900.257,130.805,9.0
999.996,82.662,3.0
707.065,88.524,2.0
2622.258,102.373,8.0
1960.714,134.208,6.0
2237.526,65.03,7.0
1635.727,97.947,5.0
2940.983,114.696,9.0
1943.593,84.799,6.0
2296.875,91.196,7.0
1834.599,75.484,6.0
443.629,100.392,1.0
1661.425,105.041,5.0
2510.885,80.548,8.0
373.699,87.536,1.0
2305.683,108.263,7.0
2532.564,130.124,8.0
1233.544,113.592,4.0
1782.216,78.078,5.0
616.574,103.526,2.0
243.576,77.551,1.0
699.726,85.627,2.0
2977.687,110.689,9.0
2258.415,97.484,7.0
2312.169,83.073,7.0
2620.253,102.006,8.0
2927.599,91.68,9.0
2867.243,108.007,9.0
633.5,79.499,2.0
695.805,95.988,2.0
456.954,90.004,1.0
673.819,101.554,2.0
2585.693,114.12,8.0
372.732,84.855,1.0
2278.142,119.821,7.0
660.655,93.33,2.0
375.568,117.242,1.0
289.004,78.607,1.0
2562.972,84.068,8.0
319.308,82.877,1.0
1448.369,93.329,4.0
524.674,111.688,2.0
616.345,88.401,2.0
2420.016,108.473,7.0
1171.252,124.555,3.0
723.14,96.433,2.0
1932.495,70.3,6.0
2872.002,95.782,9.0
2357.578,97.166,7.0
2534.419,88.687,8.0
1953.992,124.873,6.0
3008.773,80.595,9.0
2067.02,68.652,6.0
2728.869,94.487,8.0
1981.203,83.577,6.0
2302.083,91.726,7.0
1681.55,115.725,5.0
287.826,81.767,1.0
590.948,99.045,2.0
2021.253,132.258,6.0
2881.467,100.375,9.0
2849.934,93.475,9.0
1415.607,96.22,4.0
1887.693,127.359,6.0
544.81,82.217,2.0
2669.397,101.349,8.0
1610.782,127.838,5.0
763.726,120.112,2.0
2311.216,97.744,7.0
3090.412,96.646,9.0
2300.73,109.059,7.0
361.842,92.295,1.0
309.371,98.86,1.0
976.1,79.072,3.0
2921.147,118.219,9.0
2955.581,68.865,9.0
2543.019,88.624,8.0
2592.768,142.037,8.0
2897.748,99.406,9.0
16.833,96.479,0.0
1322.163,85.584,4.0
644.263,111.947,2.0
3041.424,102.557,9.0
816.398,106.797,2.0
2570.754,69.833,8.0
2671.078,102.225,8.0
1858.372,62.482,6.0
2092.498,119.174,6.0
2009.889,111.636,6.0
1257.195,99.492,4.0
2599.041,93.027,8.0
2273.867,117.205,7.0
-99.304,88.13,0.0
278.269,94.625,1.0
1954.01,111.137,6.0
1978.424,116.953,6.0
1948.472,95.815,6.0
2374.547,114.296,7.0
2310.353,68.741,7.0
593.385,107.219,2.0
2350.947,105.199,7.0
950.861,106.152,2.0
2534.525,87.363,8.0
2647.936,86.905,8.0
3029.702,94.089,9.0
2218.463,101.201,7.0
2698.949,71.736,8.0
407.137,103.706,1.0
2628.594,70.536,8.0
2905.891,85.341,9.0
2347.553,103.515,7.0
2672.056,122.506,8.0
2339.062,129.178,7.0
2923.548,95.106,9.0
1352.02,81.439,4.0
2610.942,151.003,8.0
387.855,106.825,1.0
2656.028,124.894,8.0
2287.28,132.044,7.0
995.948,72.504,3.0
722.765,91.637,2.0
1932.329,102.955,6.0
2342.594,105.792,7.0
2240.271,110.812,7.0
2852.372,93.567,9.0
53.609,83.86,0.0
342.655,118.135,1.0
2001.929,92.547,6.0
1983.137,72.381,6.0
2710.008,102.865,8.0
2262.89,97.482,7.0
3023.352,102.798,9.0
633.217,99.922,2.0
2644.311,102.457,8.0
2000.848,124.547,6.0
662.211,78.407,2.0
1055.797,84.812,3.0
688.952,93.048,2.0
2059.684,105.093,6.0
2658.668,99.396,8.0
322.608,116.166,1.0
649.031,65.967,2.0
2585.811,107.014,8.0
382.562,114.264,1.0
671.72,102.545,2.0
2053.528,71.987,6.0
1904.984,104.083,6.0
2883.178,104.819,9.0
350.29,122.375,1.0
1040.817,110.055,3.0
2336.127,100.823,7.0
1943.054,108.683,6.0
2326.915,98.359,7.0
2067.901,110.021,6.0
2811.339,124.941,9.0
591.063,88.576,2.0
1572.844,52.756,5.0
1363.203,113.364,4.0
2975.209,124.093,9.0
1451.196,96.918,4.0
2604.216,87.725,8.0
1844.517,107.611,6.0
1895.419,95.367,6.0
309.595,89.921,1.0
367.318,82.552,1.0
2334.447,113.746,7.0
765.15,113.138,2.0
2032.079,99.9,6.0
2552.497,96.21,8.0
2918.4,122.713,9.0
2647.493,130.799,8.0
2521.325,91.778,8.0
2044.941,108.081,6.0
1654.328,124.302,5.0
647.685,89.012,2.0
2578.208,81.667,8.0
2206.126,129.045,7.0
642.268,140.985,2.0
2585.609,76.386,8.0
240.794,90.414,1.0
1940.125,90.383,6.0
583.921,98.203,2.0
63.498,114.217,0.0
2981.527,88.814,9.0
3011.406,61.32,9.0
2897.342,82.135,9.0
2911.599,99.562,9.0
1881.79,117.806,6.0
264.649,102.88,1.0
613.983,83.07,2.0
1475.891,117.749,4.0
1993.074,122.449,6.0
2348.699,80.875,7.0
2005.005,112.823,6.0
1330.163,88.537,4.0
3055.204,70.017,9.0
451.939,108.635,1.0
2975.037,96.302,9.0
2999.463,132.38,9.0
274.028,65.755,1.0
2262.732,121.819,7.0
2290.52,95.811,7.0
892.828,117.604,3.0
2937.607,85.318,9.0
1649.748,114.302,5.0
2537.961,81.583,8.0
2271.157,98.655,7.0
2337.121,81.061,7.0
1709.786,121.867,5.0
1093.597,82.079,3.0
2677.934,108.68,8.0
879.449,124.151,3.0
1268.197,92.177,4.0
1996.848,100.64,6.0
2959.243,108.815,9.0
2320.363,55.723,7.0
565.642,110.504,2.0
313.25,95.682,1.0
2007.988,93.828,6.0
2684.447,83.829,8.0
1603.242,123.032,5.0
2609.913,111.842,8.0
2449.911,108.39,7.0
3025.221,96.683,9.0
333.467,98.234,1.0
2594.248,68.569,8.0
2928.995,136.037,9.0
1993.004,83.618,6.0
292.883,119.388,1.0
1951.659,93.059,6.0
669.511,102.513,2.0
1971.327,105.724,6.0
730.127,73.305,2.0
2514.779,132.68,8.0
2263.541,75.896,7.0
2892.735,109.92,9.0
2266.34,120.948,7.0
1018.685,86.318,3.0
2891.902,68.624,9.0
425.141,93.322,1.0
2353.869,93.174,7.0
644.436,99.7,2.0
2669.582,99.692,8.0
822.303,93.6,2.0
1918.355,87.14,6.0
2989.858,85.748,9.0
1699.703,81.161,5.0
321.061,123.153,1.0
2313.369,97.689,7.0
792.386,110.903,2.0
1279.15,123.145,4.0
2638.449,85.868,8.0
639.719,90.276,2.0
626.97,111.05,2.0
395.184,86.869,1.0
2326.322,117.449,7.0
348.945,91.011,1.0
1998.956,63.617,6.0
814.974,150.925,2.0
2984.539,111.687,9.0
2596.767,125.943,8.0
2943.16,114.031,9.0
1851.59,117.077,6.0
560.255,88.965,2.0
331.298,102.794,1.0
1600.287,126.694,5.0
690.313,70.433,2.0
3012.396,117.822,9.0
632.772,112.684,2.0
2022.627,80.041,6.0
288.113,85.669,1.0
1670.684,96.75,5.0
702.382,112.974,2.0
270.551,113.149,1.0
2671.095,106.147,8.0
631.21,102.079,2.0
1598.542,100.479,5.0
2329.498,129.484,7.0
2320.385,111.239,7.0
262.654,104.404,1.0
585.667,126.792,2.0
-16.129,83.579,0.0
2297.708,111.395,7.0
665.345,68.681,2.0
2656.871,64.03,8.0
2600.939,97.068,8.0
1010.05,99.833,3.0
2702.768,103.145,8.0
246.697,103.256,1.0
1583.11,70.339,5.0
2247.381,89.652,7.0
2980.523,76.293,9.0
405.132,131.785,1.0
2628.56,98.008,8.0
645.609,80.448,2.0
692.292,71.738,2.0
2920.804,95.196,9.0
1737.727,109.133,5.0
266.007,100.282,1.0
2910.202,88.124,9.0
2.477,80.343,0.0
2346.584,63.305,7.0
347.496,93.094,1.0
1975.56,105.034,6.0
2667.323,101.696,8.0
2561.741,84.075,8.0
2896.624,106.775,9.0
3011.278,108.548,9.0
2951.306,111.098,9.0
2595.726,82.24,8.0
2920.754,63.564,9.0
2400.816,92.418,7.0
2980.961,125.329,9.0
2252.668,130.675,7.0
2827.171,86.68,9.0
677.789,133.6,2.0
1981.164,85.499,6.0
879.113,88.345,3.0
3056.597,94.92,9.0
2384.699,101.756,7.0
693.986,101.958,2.0
3021.02,100.573,9.0
1933.994,92.781,6.0
1578.11,105.602,5.0
2752.106,110.455,8.0
672.827,58.693,2.0
32.714,84.121,0.0
2166.145,78.915,7.0
444.222,122.012,1.0
1900.223,114.304,6.0
710.324,128.834,2.0
2994.78,75.912,9.0
2828.016,96.626,9.0
1372.223,112.593,4.0
3063.771,87.13,9.0
2026.688,139.131,6.0
675.833,123.804,2.0
2023.144,97.104,6.0
2272.177,117.203,7.0
-50.405,100.141,0.0
278.208,120.22,1.0
352.205,120.619,1.0
2545.778,117.06,8.0
3052.306,83.833,9.0
324.442,87.388,1.0
2937.996,67.102,9.0
197.553,60.866,1.0
2597.383,116.698,8.0
-26.057,124.165,0.0
299.832,108.824,1.0
2336.881,95.348,7.0
1940.943,105.468,6.0
2077.728,116.795,6.0
2963.218,94.585,9.0
2818.552,130.946,9.0
711.561,127.411,2.0
355.218,116.376,1.0
1976.614,109.516,6.0
2921.47,127.549,9.0
2353.919,72.146,7.0
232.039,81.061,1.0
367.02,106.73,1.0
292.089,93.083,1.0
253.033,111.455,1.0
2929.012,76.279,9.0
599.922,138.089,2.0
723.992,82.234,2.0
2544.165,108.109,8.0
2973.631,145.249,9.0
2302.918,91.383,7.0
1947.012,87.911,6.0
2003.984,129.223,6.0
2312.439,101.528,7.0
734.461,79.296,2.0
2502.289,114.523,8.0
2875.731,94.959,9.0
2019.675,123.723,6.0
256.493,114.57,1.0
638.022,91.486,2.0
429.104,111.712,1.0
193.499,102.163,1.0
994.237,109.554,3.0
964.247,104.024,3.0
2390.966,95.134,7.0
1335.246,104.997,4.0
697.176,70.81,2.0
516.747,75.714,2.0
2010.693,94.106,6.0
2634.371,124.962,8.0
281.697,74.064,1.0
1960.635,75.692,6.0
2168.069,109.343,7.0
736.934,100.761,2.0
382.287,90.693,1.0
282.09,102.251,1.0
1967.034,85.308,6.0
2538.395,95.217,8.0
721.013,90.026,2.0
1353.059,86.207,4.0
655.282,96.363,2.0
2972.356,117.338,9.0
434.267,103.62,1.0
35.572,94.163,0.0
2555.139,104.292,8.0
834.803,97.515,3.0
2958.559,75.685,9.0
2637.981,78.253,8.0
650.971,145.017,2.0
2894.861,93.596,9.0
2966.177,102.915,9.0
2265.026,60.575,7.0
1904.551,89.744,6.0
231.283,97.458,1.0
1992.301,68.623,6.0
2275.158,94.749,7.0
3003.137,113.186,9.0
1923.939,84.685,6.0
593.388,109.823,2.0
729.158,107.843,2.0
2014.183,126.061,6.0
422.031,133.912,1.0
419.965,77.781,1.0
320.558,112.028,1.0
2981.376,78.612,9.0
-3.34,96.76,0.0
400.73,91.52,1.0
338.675,73.616,1.0
680.616,79.265,2.0
934.721,96.805,3.0
2741.178,109.396,8.0
2749.621,70.516,8.0
2022.329,109.199,6.0
2266.688,117.457,7.0
2477.727,116.137,8.0
2723.15,80.212,8.0
2885.949,85.389,9.0
2418.214,91.314,7.0
3009.604,128.995,9.0
2588.516,107.119,8.0
2380.326,66.171,7.0
2225.988,92.555,7.0
333.013,85.027,1.0
2576.77,92.034,8.0
2848.341,77.347,9.0
978.655,101.397,3.0
3124.071,132.518,9.0
682.204,97.851,2.0
1878.087,114.754,6.0
413.664,114.92,1.0
2717.152,156.484,8.0
1330.168,98.191,4.0
256.704,100.826,1.0
2952.593,133.395,9.0
326.206,100.712,1.0
2929.498,60.963,9.0
1223.987,110.165,4.0
2399.667,98.376,7.0
352.417,59.678,1.0
2285.649,93.944,7.0
799.876,110.231,2.0
2604.418,109.316,8.0
2079.893,77.15,6.0
596.971,110.048,2.0
614.191,110.911,2.0
2327.929,91.8,7.0
2837.901,129.043,9.0
1914.739,83.505,6.0
2120.557,80.467,6.0
2381.788,139.003,7.0
388.713,86.201,1.0
2844.939,97.115,9.0
2211.895,89.151,7.0
1964.948,122.031,6.0
2617.411,88.732,8.0
2963.944,111.24,9.0
2626.163,96.42,8.0
1091.442,96.56,3.0
1671.746,106.355,5.0
3000.201,84.796,9.0
2078.197,135.987,6.0
634.034,82.97,2.0
2969.326,110.878,9.0
2577.513,114.769,8.0
699.93,92.448,2.0
2307.371,108.773,7.0
1867.787,103.222,6.0
2663.458,109.74,8.0
2231.294,94.258,7.0
2378.53,96.778,7.0
2683.486,85.854,8.0
1975.678,87.201,6.0
1960.309,98.628,6.0
2069.631,96.124,6.0
2619.87,115.317,8.0
1709.847,100.841,5.0
1083.406,108.741,3.0
32.228,137.936,0.0
1263.956,65.293,4.0
1971.112,107.725,6.0
2487.623,80.785,8.0
319.19,95.365,1.0
1890.515,84.886,6.0
113.065,63.321,0.0
2699.622,96.53,8.0
668.33,52.8,2.0
342.658,80.832,1.0
2515.327,136.344,8.0
2240.751,130.8,7.0
2033.43,126.673,6.0
2269.881,141.874,7.0
995.578,98.048,3.0
1962.087,85.014,6.0
340.972,88.795,1.0
674.969,102.582,2.0
2289.092,67.918,7.0
2316.08,142.467,7.0
667.428,90.242,2.0
1958.506,78.415,6.0
2304.939,119.737,7.0
670.123,119.37,2.0
2999.958,98.27,9.0
2243.809,104.363,7.0
294.843,73.064,1.0
1975.481,115.553,6.0
421.293,100.835,1.0
2883.029,97.746,9.0
3051.768,114.992,9.0
409.711,107.734,1.0
306.699,126.291,1.0
2548.196,99.96,8.0
2671.378,109.038,8.0
2299.408,73.419,7.0
2945.531,126.503,9.0
2361.759,120.921,7.0
2.125,85.775,0.0
482.696,76.195,2.0
347.402,114.966,1.0
1716.91,118.564,5.0
677.212,76.86,2.0
2948.321,86.81,9.0
662.14,140.62,2.0
3017.77,86.027,9.0
2588.849,119.553,8.0
620.522,85.846,2.0
2010.095,61.443,6.0
2994.514,126.32,9.0
1943.601,113.901,6.0
280.429,87.562,1.0
480.099,109.487,1.0
2364.257,98.015,7.0
2481.867,86.495,8.0
2260.51,108.76,7.0
664.195,93.595,2.0
97.32,99.015,0.0
739.952,90.226,2.0
703.476,118.209,2.0
1874.252,111.73,6.0
2282.166,138.636,7.0
340.076,75.409,1.0
621.955,105.502,2.0
783.591,101.003,2.0
1968.65,86.914,6.0
80.581,88.599,0.0
2587.965,107.236,8.0
654.711,119.155,2.0
391.037,95.047,1.0
1950.385,101.059,6.0
2068.847,116.038,6.0
2282.297,106.131,7.0
2945.008,68.532,9.0
706.545,96.796,2.0
543.588,91.419,2.0
1979.38,90.64,6.0
694.556,116.01,2.0
131.424,82.49,0.0
220.977,83.786,1.0
716.774,69.69,2.0
2284.125,107.614,7.0
2936.49,102.182,9.0
2166.862,118.184,6.0
2234.24,87.6,7.0
2101.844,85.922,6.0
2579.646,107.745,8.0
329.782,109.445,1.0
400.267,91.29,1.0
1706.056,125.256,5.0
2944.632,78.834,9.0
206.844,99.889,1.0
2353.183,148.744,7.0
2336.168,108.041,7.0
342.357,77.342,1.0
1927.111,106.086,6.0
108.419,100.147,0.0
2737.669,98.181,8.0
370.372,98.576,1.0
740.014,103.077,2.0
621.958,88.383,2.0
1982.751,108.023,6.0
2162.029,115.641,6.0
314.727,78.214,1.0
215.411,117.358,0.0
42.539,87.003,0.0
1863.943,105.945,6.0
713.746,97.035,2.0
624.175,95.084,2.0
2314.655,99.463,7.0
1932.451,93.498,6.0
2685.236,88.328,8.0
422.514,100.981,1.0
2041.118,86.519,6.0
2516.847,112.942,8.0
1589.347,105.297,5.0
256.818,99.205,1.0
2301.517,90.967,7.0
204.671,129.767,1.0
1831.63,79.41,6.0
627.076,109.14,2.0
1855.101,85.929,6.0
13.102,94.503,0.0
2010.379,109.016,6.0
370.232,109.978,1.0
1671.837,69.478,5.0
355.391,88.107,1.0
2229.001,97.237,7.0
684.339,134.242,2.0
2606.142,70.805,8.0
3030.12,96.661,9.0
2645.974,110.03,8.0
2646.726,85.274,8.0
2564.998,91.651,8.0
2933.269,64.539,9.0
2976.881,121.386,9.0
2894.056,67.311,9.0
-76.42,105.188,0.0
328.561,103.4,1.0
2648.57,121.927,8.0
1947.294,106.724,6.0
2591.423,103.526,8.0
1938.513,124.293,6.0
729.614,86.153,2.0
2291.613,91.676,7.0
2258.013,89.124,7.0
2511.266,109.839,8.0
1935.646,87.144,6.0
2601.896,106.675,8.0
706.557,111.956,2.0
-77.193,96.684,0.0
2997.072,82.58,9.0
1608.316,82.118,5.0
766.365,109.29,2.0
2277.652,96.43,7.0
1595.184,102.931,5.0
312.421,76.032,1.0
2527.221,109.335,8.0
997.823,119.867,3.0
2010.877,107.071,6.0
2315.558,125.319,7.0
1942.553,117.902,6.0
313.727,91.36,1.0
2236.877,92.296,7.0
1675.519,88.905,5.0
2809.947,85.696,9.0
1996.573,108.788,6.0
2606.208,99.432,8.0
1809.718,106.259,5.0
2226.094,101.481,7.0
1577.774,122.143,5.0
2285.361,97.147,7.0
2237.321,81.959,7.0
2619.748,78.798,8.0
1442.216,84.163,4.0
455.381,118.098,2.0
371.421,113.954,1.0
1660.911,78.61,5.0
2404.879,117.087,7.0
3011.065,69.903,9.0
1929.82,60.921,6.0
373.812,104.16,1.0
2269.994,119.828,7.0
352.301,100.254,1.0
601.509,79.333,2.0
2609.733,104.36,8.0
2030.38,111.689,6.0
2908.5,106.328,9.0
2043.505,78.85,6.0
2295.593,97.709,7.0
2919.612,110.224,9.0
1042.252,115.731,3.0
2285.037,129.01,7.0
1820.301,98.302,5.0
81.346,86.83,0.0
430.783,101.194,1.0
292.551,95.923,1.0
1662.801,80.259,5.0
1934.301,105.186,6.0
2277.716,79.899,7.0
757.7,103.185,2.0
2325.938,96.324,7.0
2232.021,77.257,7.0
566.936,105.214,2.0
229.907,95.753,1.0
1266.094,94.762,4.0
547.915,97.533,2.0
208.821,107.42,1.0
2037.234,101.196,6.0
1273.621,110.952,4.0
2301.108,99.493,7.0
2366.717,83.475,7.0
738.494,95.115,2.0
348.224,81.283,1.0
444.861,109.113,1.0
1290.718,112.196,4.0
232.364,111.303,1.0
3005.854,100.213,9.0
2284.741,106.546,7.0
2338.509,103.799,7.0
79.655,104.022,0.0
156.701,92.55,0.0
434.945,93.747,1.0
1914.068,102.107,6.0
2271.68,97.646,7.0
1963.52,107.07,6.0
1973.9,121.348,6.0
1541.893,89.859,5.0
924.985,104.077,3.0
2432.187,108.003,7.0
496.139,120.634,1.0
2638.681,86.879,8.0
438.065,127.063,1.0
470.442,112.076,1.0
570.751,92.283,2.0
2314.698,91.628,7.0
214.533,111.631,1.0
384.922,127.798,1.0
3029.102,136.329,9.0
2342.95,92.719,7.0
2616.292,100.489,8.0
556.774,97.898,2.0
799.066,116.512,2.0
2581.496,58.666,8.0
1068.364,142.593,3.0
1098.148,92.611,3.0
464.892,107.669,1.0
257.226,117.825,1.0
2823.293,120.569,9.0
2271.682,71.702,7.0
3119.252,119.476,9.0
637.249,97.614,2.0
1998.914,110.273,6.0
2313.589,81.811,7.0
381.589,94.203,1.0
1352.043,80.716,4.0
3030.448,112.693,9.0
1316.379,84.356,4.0
1995.503,98.228,6.0
2467.875,73.927,8.0
2937.717,115.155,9.0
2998.558,110.084,9.0
2547.271,113.104,8.0
608.634,90.526,2.0
1053.591,118.961,3.0
976.188,86.642,3.0
2521.774,66.313,8.0
1816.773,93.87,6.0
76.852,104.641,0.0
717.364,96.125,2.0
2947.424,100.719,9.0
2989.174,105.729,9.0
35.891,109.747,0.0
2846.747,111.069,9.0
2924.911,104.835,9.0
-147.362,111.47,0.0
2935.464,105.945,9.0
1381.152,95.984,4.0
634.697,89.97,2.0
2987.488,77.58,9.0
1967.21,68.023,6.0
-7.72,118.668,0.0
1341.826,106.855,4.0
2934.291,100.473,9.0
2579.255,122.89,8.0
632.396,89.495,2.0
2396.769,112.657,7.0
346.539,99.06,1.0
2986.355,100.574,9.0
2248.439,90.336,7.0
2581.725,93.249,8.0
2053.291,91.217,6.0
830.07,93.969,2.0
1937.572,114.011,6.0
2966.845,102.77,9.0
254.594,77.859,1.0
331.905,74.84,1.0
362.226,58.01,1.0
-85.346,122.542,0.0
677.392,66.507,2.0
1638.73,111.822,5.0
2257.272,90.498,7.0
2509.923,85.713,8.0
2248.684,84.014,7.0
957.854,101.027,3.0
2596.641,81.825,8.0
582.902,123.441,2.0
1842.879,87.468,6.0
1906.446,116.35,6.0
2017.772,95.603,6.0
2616.077,106.589,8.0
1992.441,105.406,6.0
852.393,107.298,3.0
2942.638,96.503,9.0
2330.231,101.643,7.0
366.567,124.764,1.0
551.723,105.437,2.0
-17.1,99.185,0.0
2985.283,113.732,9.0
395.583,111.477,1.0
2036.908,121.61,6.0
2951.668,66.411,9.0
2363.096,114.727,7.0
670.14,111.993,2.0
980.801,63.853,3.0
2302.764,105.262,7.0
2292.649,86.605,7.0
644.433,94.311,2.0
-67.304,97.393,0.0
718.007,106.853,2.0
2706.261,118.955,8.0
1372.68,72.85,4.0
2699.364,106.323,8.0
1974.294,129.953,6.0
1995.01,113.063,6.0
3015.474,118.749,9.0
2002.488,110.568,6.0
2052.454,98.225,6.0
2037.506,90.33,6.0
-79.862,86.322,0.0
1845.71,108.119,6.0
314.697,63.063,1.0
679.7,87.361,2.0
747.279,127.045,2.0
2613.058,117.776,8.0
1965.082,98.915,6.0
2970.806,83.289,9.0
